code,twitter
PA720310,christophearend
PA718918,ALouisDeputee13
PA720622,CaroleBBonnard
PA721434,F_Lardet
PA720394,NicoleTrisse
PA721916,npouzyreff78
PA721584,JeanTerlier
PA722240,PierreVenteau
PA720878,LauStmartin
PA606171,RichardFerrand
PA721984,platombe
PA719130,MonicaMichel_Of
PA719118,FCBDeputeduCher
PA722252,RixainMP
PA720480,lecocqcharlotte
PA722366,Jean_LucFUGIT
PA720976,MaxMathiasin
PA719250,ChassaingPh
PA719632,SoPanonacle
PA721372,DamienPichereau
PA719558,erwanbalanant
PA267330,MichelZumkeller
PA720334,JimmyPahun
PA607193,SophieErrante
PA719918,fabien_laine
PA722134,JeanMarieFIEVET
PA718756,AudeBono
PA721166,scazebonne
PA720222,GirardinEric
PA721924,MdeVaucouleurs
PA720696,beadescamps
PA607155,ydaniel_depute
PA724827,RamlatiAli
PA721976,BrunoMillienne
PA722090,DeputeeBPetelle
PA719842,mustapha_laabid
PA719100,jean_ardouin
PA722078,JacquesSavatier
PA721278,Patrice_Anato
PA719640,SophieMette1
PA719412,SandrineLeFeur
PA720520,ALCattelot
PA267336,JoelGiraud05
PA606639,Vignal2020
PA719814,fabiennecolboc
PA721336,BBrocard
PA721836,jnbarrot
PA721530,AudeLuquet2017
PA721784,VGB83
PA720764,J_M_Jacques
PA720354,yves_blein
PA608641,V_Hammerer
PA719652,JKrabal
PA605084,FontainDomeizel
PA718706,FontainDomeizel
PA722320,lejeune_ch
PA722312,B_BessotBallot
PA722268,MartineWonner
PA719006,LeVigoureuxF
PA719364,claireopetit
PA720652,BrunoDuverge
PA720500,ValeriePetit_EM
PA607595,HervePellois
PA695100,Meyer_Habib
PA722344,hub_laferriere
PA720022,lauzzanamichel
PA719890,dbrulebois
PA719420,DenisSommer
PA718710,PascaleBoyerEM
PA267780,agnesfirmin
PA720924,avyelimas
PA720362,b_belhaddad
PA642935,becht_olivier
PA720720,josypoueyto
PA718954,saidahamada
PA721946,jmarilossian
PA722022,Romeiro1L
PA718794,Daniele_herin
PA722398,RRebeyrotte
PA722300,Anissa_Khedher
PA719488,PBertaGard
PA721996,PLoiseau85
PA720516,FMorlighem
PA719664,PascalLavergne_
PA719080,MARSAUDSandra
PA720454,dhoubron1759
PA721632,P_Lemoine
PA719942,baudu_stephane
PA2449,JeanPierrePont
PA719266,dep_cubertafon
PA720030,AVFreschi
PA1276,michelfanget
PA721158,PA_Anglade
PA643127,BQuestel
PA2952,warsmann
PA720378,RichardLioger
PA720908,NaimaMoutchou
PA721690,BuonTAN
PA719858,3807Limon
PA719874,elodiejala
PA720074,CarolineJanvier
PA720968,Justine_BENIN
PA720780,Sempastoushp
PA719700,PhilippeHuppe
PA720854,stephane_teste
PA721110,nicole_sanquer
PA721860,JFCesarini
PA719032,BertrandBouyx
PA719684,CoDubost
PA642724,Fred_Barbier
PA719756,ChrisCloarec
PA421348,AVilliers2017
PA608083,BrigBourguignon
PA720116,AFBrunet_4403
PA2828,AlainTourret
PA610775,PhilippeGomesCE
PA721182,fpetitAN
PA267241,UDI80
PA721710,MichelePeyron
PA721608,JLBourlanges
PA720326,BHammouche5708
PA720552,isabelle_rauch
PA720790,RomainGrau
PA719388,AnnaigLeMeur_AN
PA721888,p_a_raphan
PA720830,Vthomas_63
PA720318,HeleneZannier
PA721800,famatras
